subaward_number,prime_award_fain,subaward_amount,subaward_action_date,subaward_report_year,subaward_report_month,prime_awarding_agency_code,prime_awarding_agency_name,prime_awarding_sub_agency_code,prime_awarding_sub_agency_name,prime_award_principal_place_city,prime_award_principal_place_state,prime_award_principal_place_zip,prime_award_principal_place_country,prime_award_date_signed,prime_award_amount,prime_awardee_duns,prime_awardee_name,subawardee_duns,subawardee_name,subawardee_dba_name,subawardee_parent_duns,subawardee_parent_name,subawardee_address_line_1,subawardee_city_name,subawardee_state_code,subawardee_state_name,subawardee_zip_4,subawardee_congressional_district,subawardee_country_code,subawardee_country_name,subawardee_foreign_postal_code,subaward_primary_place_of_performance_address_line_1,subaward_primary_place_of_performance_city_name,subaward_primary_place_of_performance_state_code,subaward_primary_place_of_performance_state_name,subaward_primary_place_of_performance_address_zip_4,subaward_primary_place_of_performance_congressional_district,subaward_primary_place_of_performance_country_code,subaward_primary_place_of_performance_country_name,subaward_description,subaward_cfda_number,subaward_cfda_title,subawardee_business_type_code,subawardee_business_type_description,highly_compensated_officer_1_name,highly_compensated_officer_1_amount,highly_compensated_officer_2_name,highly_compensated_officer_2_amount,highly_compensated_officer_3_name,highly_compensated_officer_3_amount,highly_compensated_officer_4_name,highly_compensated_officer_4_amount,highly_compensated_officer_5_name,highly_compensated_officer_5_amount
222222,17VITA0283,50000.00,2016-12-29,2017,1,020,DEPARTMENT OF THE TREASURY (TREAS),2050,INTERNAL REVENUE SERVICE,,TENNESSEE,,USA,2016-09-15,373750.00,060743390,"UNITED WAY OF MIDDLE TENNESSEE, INC.",107072548,"SOUTH CENTRAL HUMAN RESOURCE AGENCY, INC.",,107072548,"SOUTH CENTRAL HUMAN RESOURCE AGENCY, INC.",1437 WINCHESTER HWY,FAYETTEVILLE,TN,,373342757,04,USA,UNITED STATES,,,FAYETTEVILLE,TN,,373342757,04,USA,UNITED STATES,SCHRA WILL PROVIDE FREE INCOME TAX PREPARATION FOR HOUSEHOLDS IN SOUTH CENTRAL MIDDLE TENNESSEE.,21.009,VOLUNTEER INCOME TAX ASSISTANCE (VITA) MATCHING GRANT PROGRAM,,,,,,,,,,,,
09262016,17VITA0154,35000.00,2017-06-19,2017,6,020,DEPARTMENT OF THE TREASURY (TREAS),2050,INTERNAL REVENUE SERVICE,,TEXAS,,USA,2016-09-15,263831.00,362483757,ELPASO CREDIT UNION HOAP,068972199,GECU,,068972199,GECU,1225 AIRWAY BLVD,EL PASO,TX,,799253620,16,USA,UNITED STATES,,,EL PASO,TX,,799253620,16,USA,UNITED STATES,GECU WILL USE VITA GRANT FUNDS FOR SALARIES AND BENEFITS OF PROGRAM ASSISTANTS AND PROGRAM COORDINATOR,21.009,VOLUNTEER INCOME TAX ASSISTANCE (VITA) MATCHING GRANT PROGRAM,,,,,,,,,,,,
1,17VITA0124,45600.00,2017-03-01,2017,5,020,DEPARTMENT OF THE TREASURY (TREAS),2050,INTERNAL REVENUE SERVICE,,HAWAII,,USA,2016-09-15,104600.00,077665511,"ALOHA UNITED WAY, INC",080255319,"HAWAII TAX HELP AND FINANCIAL EMPOWERMENT SOLUTIONS, INC",,,,1422 HEULU ST APT A101,HONOLULU,HI,,968224372,01,USA,UNITED STATES,,,HONOLULU,HI,,968224372,01,USA,UNITED STATES,EXPANDING THE WORK OF THE HAWAII VITA PROGRAM,21.009,VOLUNTEER INCOME TAX ASSISTANCE (VITA) MATCHING GRANT PROGRAM,,,,,,,,,,,,
09262016,17VITA0154,35000.00,2018-07-02,2018,8,020,DEPARTMENT OF THE TREASURY (TREAS),2050,INTERNAL REVENUE SERVICE,,TEXAS,,USA,2016-09-15,263831.00,362483757,ELPASO CREDIT UNION HOAP,068972199,GECU,,068972199,GECU,1225 AIRWAY BLVD,EL PASO,TX,TEXAS,799253620,16,USA,UNITED STATES,,,EL PASO,TX,TEXAS,799253620,16,USA,UNITED STATES,GECU WILL USE VITA GRANT FUNDS FOR SALARIES AND BENEFITS OF PROGRAM ASSISTANTS AND PROGRAM COORDINATOR,21.009,VOLUNTEER INCOME TAX ASSISTANCE (VITA) MATCHING GRANT PROGRAM,,,,,,,,,,,,
333333,17VITA0283,25000.00,2017-01-30,2017,2,020,DEPARTMENT OF THE TREASURY (TREAS),2050,INTERNAL REVENUE SERVICE,,TENNESSEE,,USA,2016-09-15,373750.00,060743390,"UNITED WAY OF MIDDLE TENNESSEE, INC.",795863963,UNITED WAY OF WILLIAMSON COUNTY,UNITED WAY,,,209 GOTHIC CT STE 107,FRANKLIN,TN,,370672810,07,USA,UNITED STATES,,,FRANKLIN,TN,,370672810,07,USA,UNITED STATES,UNITED WAY OF WILLIAMSON COUNTY WILL PROVIDE FREE INCOME TAX PREPARATION FOR HOUSEHOLDS IN MIDDLE TENNESSEE.,21.009,VOLUNTEER INCOME TAX ASSISTANCE (VITA) MATCHING GRANT PROGRAM,,,,,,,,,,,,
